in:Lorg/apache/commons/io/FileUtils;.fileRead(Ljava/lang/String;)Ljava/lang/String;|Ljava/io/IOException;:4
in:Lorg/apache/commons/io/FileUtils;.basename(Ljava/lang/String;Ljava/lang/String;)Ljava/lang/String;:4
in:Lorg/apache/commons/io/FileUtils;.mkdir(Ljava/lang/String;)V:2
in:Lorg/apache/commons/io/FileUtils;.isValidFile(Ljava/lang/String;[Ljava/lang/String;)Z:2
in:Lorg/apache/commons/io/HexDump;.dump(B)Ljava/lang/StringBuffer;:2
in:Lorg/apache/commons/io/FileUtils;.fileDelete(Ljava/lang/String;)V:1
in:Lorg/apache/commons/io/TeeOutputStream;.flush()V|Ljava/io/IOException;:1
in:Lorg/apache/commons/io/StreamUtils;.streamAsBytes(Ljava/io/InputStream;I)[B|Ljava/io/IOException;:2
in:Lorg/apache/commons/io/LockableFileWriter;.createLock()V|Ljava/io/IOException;:3
in:Lorg/apache/commons/io/FileUtils;.blendFilesToVector(Ljava/util/Vector;[Ljava/lang/String;)Ljava/util/Vector;:1
in:Lorg/apache/commons/io/FileUtils;.filename(Ljava/lang/String;)Ljava/lang/String;:2
in:Lorg/apache/commons/io/LockableFileWriter;.testLockDir(Ljava/io/File;)V|Ljava/io/IOException;:3
in:Lorg/apache/commons/io/StreamUtils;.readStream(Ljava/io/InputStream;I)Ljava/io/ByteArrayOutputStream;|Ljava/io/IOException;:2
in:Lorg/apache/commons/io/FileUtils;.fileExists(Ljava/lang/String;)Z:1
in:Lorg/apache/commons/io/LockableFileWriter;.close()V|Ljava/io/IOException;:2
in:Lorg/apache/commons/io/LockableFileWriter;.(Ljava/io/File;ZLjava/lang/String;)V|Ljava/io/IOException;:5
in:Lorg/apache/commons/io/HexDump;.dump([BJLjava/io/OutputStream;I)V|Ljava/io/IOException;|Ljava/lang/ArrayIndexOutOfBoundsException;|Ljava/lang/IllegalArgumentException;:10
in:Lorg/apache/commons/io/HexDump;.dump(J)Ljava/lang/StringBuffer;:2
in:Lorg/apache/commons/io/FileUtils;.basename(Ljava/lang/String;)Ljava/lang/String;:2
in:Lorg/apache/commons/io/StreamUtils;.pipe(Ljava/io/InputStream;Ljava/io/OutputStream;)V|Ljava/io/IOException;:1
in:Lorg/apache/commons/io/HexDumpTest;.testDump()V|Ljava/io/IOException;:7
in:Lorg/apache/commons/io/TeeOutputStream;.write([BII)V|Ljava/io/IOException;:1
in:Lorg/apache/commons/io/StreamUtils;.pipe(Ljava/io/InputStream;Ljava/io/OutputStream;I)V|Ljava/io/IOException;:2
in:Lorg/apache/commons/io/TeeOutputStream;.close()V|Ljava/io/IOException;:1
in:Lorg/apache/commons/io/FileUtils;.dirname(Ljava/lang/String;)Ljava/lang/String;:2
in:Lorg/apache/commons/io/FileUtils;.waitFor(Ljava/lang/String;I)Z:2
in:Lorg/apache/commons/io/HexDumpTest;.main([Ljava/lang/String;)V:1
in:Lorg/apache/commons/io/FileUtils;.fileWrite(Ljava/lang/String;Ljava/lang/String;)V|Ljava/lang/Exception;:3
in:Lorg/apache/commons/io/StreamUtils;.streamAsString(Ljava/io/InputStream;)Ljava/lang/String;|Ljava/io/IOException;:1
in:Lorg/apache/commons/io/LockableFileWriter;.write([CII)V|Ljava/io/IOException;:1
in:Lorg/apache/commons/io/FileUtils;.getFilesFromExtension(Ljava/lang/String;[Ljava/lang/String;)[Ljava/lang/String;:12
in:Lorg/apache/commons/io/FileUtils;.byteCountToDisplaySize(I)Ljava/lang/String;:1
in:Lorg/apache/commons/io/LockableFileWriter;.flush()V|Ljava/io/IOException;:1
in:Lorg/apache/commons/io/FileUtils;.extension(Ljava/lang/String;)Ljava/lang/String;:2
in:Lorg/apache/commons/io/IOTestCase;.testFileUtils()V:6
in:Lorg/apache/commons/io/TeeOutputStream;.write(I)V|Ljava/io/IOException;:1
in:Lorg/apache/commons/io/StreamUtils;.streamAsString(Ljava/io/InputStream;ILjava/lang/String;)Ljava/lang/String;|Ljava/io/IOException;:3
out:Ljava/io/OutputStreamWriter;.flush()V|Ljava/io/IOException;:1
out:Lorg/apache/commons/io/FileUtils;.fileRead(Ljava/lang/String;)Ljava/lang/String;|Ljava/io/IOException;:1
out:Ljava/io/OutputStream;.close()V|Ljava/io/IOException;:1
out:Ljava/lang/String;.valueOf(I)Ljava/lang/String;:1
out:Lorg/apache/commons/io/FileUtils;.fileDelete(Ljava/lang/String;)V:1
out:Ljava/io/ByteArrayOutputStream;.write([BII)V:1
out:Lorg/apache/commons/io/HexDumpTest;.toAscii(I)C:1
out:Ljava/io/OutputStream;.flush()V|Ljava/io/IOException;:2
out:Ljava/io/OutputStream;.write([B)V|Ljava/io/IOException;:1
out:Ljava/io/ByteArrayOutputStream;.toByteArray()[B:2
out:Ljava/util/Vector<>;.copyInto([Ljava/lang/Object;)V:1
out:Ljava/lang/String;.getBytes()[B:3
out:Ljava/io/File;.exists()Z:4
out:Ljava/io/ByteArrayOutputStream;.toString(Ljava/lang/String;)Ljava/lang/String;|Ljava/io/UnsupportedEncodingException;:1
out:Lorg/apache/commons/io/FileUtils;.fileExists(Ljava/lang/String;)Z:1
out:Ljava/io/OutputStream;.write(I)V|Ljava/io/IOException;:1
out:Ljava/lang/System;.arraycopy(Ljava/lang/Object;ILjava/lang/Object;II)V:1
out:Ljava/lang/StringBuffer;.append(Ljava/lang/StringBuffer;)Ljava/lang/StringBuffer;:1
out:Ljava/io/File;.isDirectory()Z:1
out:Lorg/apache/commons/io/HexDump;.dump([BJLjava/io/OutputStream;I)V|Ljava/io/IOException;|Ljava/lang/ArrayIndexOutOfBoundsException;|Ljava/lang/IllegalArgumentException;:1
out:Lorg/apache/commons/io/HexDump;.dump(J)Ljava/lang/StringBuffer;:1
out:Ljava/lang/String;.lastIndexOf(Ljava/lang/String;)I:3
out:Ljava/io/FileOutputStream;.write([B)V|Ljava/io/IOException;:1
out:Ljava/util/Vector<>;.size()I:1
out:Ljava/io/File;.delete()Z:2
out:Ljava/io/ByteArrayOutputStream;.toString()Ljava/lang/String;:1
out:Ljava/io/FileOutputStream;.close()V|Ljava/io/IOException;:1
out:Lorg/apache/commons/io/FileUtils;.fileWrite(Ljava/lang/String;Ljava/lang/String;)V|Ljava/lang/Exception;:1
out:Ljava/lang/StringBuffer;.append(Ljava/lang/String;)Ljava/lang/StringBuffer;:2
out:Ljava/io/PrintStream;.println(Ljava/lang/String;)V:1
out:Ljava/lang/String;.lastIndexOf(I)I:1
out:Ljava/io/FileInputStream;.read([B)I|Ljava/io/IOException;:1
out:Ljava/io/File;.canWrite()Z:1
out:Lorg/apache/commons/io/FileUtils;.basename(Ljava/lang/String;Ljava/lang/String;)Ljava/lang/String;:1
out:Lorg/apache/commons/io/HexDumpTest;.toHex(I)C:1
out:Lorg/apache/commons/io/FileUtils;.isValidFile(Ljava/lang/String;[Ljava/lang/String;)Z:1
out:Lorg/apache/commons/io/HexDump;.dump(B)Ljava/lang/StringBuffer;:1
out:Ljava/io/File;.list()[Ljava/lang/String;:1
out:Lorg/apache/commons/io/LockableFileWriter;.createLock()V|Ljava/io/IOException;:1
out:Lorg/apache/commons/io/FileUtils;.blendFilesToVector(Ljava/util/Vector;[Ljava/lang/String;)Ljava/util/Vector;:1
out:Ljava/io/File;.getName()Ljava/lang/String;:2
out:Ljava/lang/Thread;.sleep(J)V|Ljava/lang/InterruptedException;:1
out:Ljava/lang/String;.length()I:2
out:Ljava/io/File;.mkdirs()Z:1
out:Ljava/io/File;.getAbsolutePath()Ljava/lang/String;:4
out:Lorg/apache/commons/io/LockableFileWriter;.testLockDir(Ljava/io/File;)V|Ljava/io/IOException;:1
out:Lorg/apache/commons/io/StreamUtils;.readStream(Ljava/io/InputStream;I)Ljava/io/ByteArrayOutputStream;|Ljava/io/IOException;:2
out:Ljava/lang/System;.getProperty(Ljava/lang/String;)Ljava/lang/String;:2
out:Ljava/lang/StringBuffer;.append(C)Ljava/lang/StringBuffer;:3
out:Ljava/io/OutputStreamWriter;.close()V|Ljava/io/IOException;:1
out:Ljava/io/OutputStreamWriter;.write([CII)V|Ljava/io/IOException;:1
out:Ljava/io/FileInputStream;.close()V|Ljava/io/IOException;:1
out:Lorg/apache/commons/io/StreamUtils;.pipe(Ljava/io/InputStream;Ljava/io/OutputStream;I)V|Ljava/io/IOException;:1
out:Ljava/lang/String;.equals(Ljava/lang/Object;)Z:3
out:Ljava/util/Vector<>;.addElement(Ljava/lang/Object;)V:2
out:Lorg/apache/commons/io/FileUtils;.getFilesFromExtension(Ljava/lang/String;[Ljava/lang/String;)[Ljava/lang/String;:1
out:Ljava/lang/StringBuffer;.setLength(I)V:3
out:Ljava/io/File;.deleteOnExit()V:1
out:Ljava/io/File;.createNewFile()Z|Ljava/io/IOException;:1
out:Ljava/io/InputStream;.read([B)I|Ljava/io/IOException;:2
out:Ljava/io/OutputStream;.write([BII)V|Ljava/io/IOException;:2
out:Lorg/apache/commons/io/FileUtils;.extension(Ljava/lang/String;)Ljava/lang/String;:3
out:Ljava/lang/StringBuffer;.toString()Ljava/lang/String;:2
out:Ljava/lang/String;.substring(II)Ljava/lang/String;:2
out:Lorg/apache/commons/io/StreamUtils;.streamAsString(Ljava/io/InputStream;ILjava/lang/String;)Ljava/lang/String;|Ljava/io/IOException;:1
out:Ljava/lang/String;.substring(I)Ljava/lang/String;:3
